Algorithm,ProofType,TotalCoinsMined,TotalCoinSupply,PC1,PC2,PC3,Class,CoinName
Scrypt,PoW/PoS,41.99995383,42.0,-0.3362036957398844,1.0185767686794842,-0.5922231003301475,0,42 Coin
Scrypt,PoW/PoS,1055184902.0,532000000.0,-0.3195324334094734,1.0186111349864975,-0.5926900949790939,0,404Coin
X13,PoW/PoS,29279424623.0,314159000000.0,2.3143132548257017,1.6998639700391633,-0.5775276969462089,0,EliteCoin
SHA-256,PoW,17927175.0,21000000.0,-0.14300162969375935,-1.2671905016033849,0.20348412066199423,1,Bitcoin
Ethash,PoW,107684222.7,0.0,-0.13503890400158422,-1.974773880409658,0.4268955556910289,1,Ethereum
Scrypt,PoW,63039243.3,84000000.0,-0.1665449979373367,-1.1517568991870824,-0.06818275643222417,1,Litecoin
X11,PoW/PoS,9031294.376,22000000.0,-0.39894894546877796,1.2394709346856712,-0.47796942374029827,0,Dash
CryptoNight-V7,PoW,17201143.14,0.0,-0.15201187002493133,-2.2281072899409753,0.3630000670949817,1,Monero
Ethash,PoW,113359703.0,210000000.0,-0.133480221400199,-1.974886498840664,0.4268758813099132,1,Ethereum Classic
Equihash,PoW,7383056.25,21000000.0,-0.14114617084542205,-2.0490433687572938,0.3654065795471819,1,ZCash
SHA-512,PoS,2741570000.0,3600570502.0,-0.29436207408701565,1.2775687434676037,-0.2740846672563199,0,Bitshares
Multiple,PoW,11406219141.0,21000000000.0,0.1638204845745856,-1.8114639507714414,0.33473067501391934,1,DigiByte
SHA-256,PoW/PoS,1288862.0,22000000.0,-0.3114903187030997,0.9031111283338572,-0.3205818633153688,0,BitcoinDark
SHA-256,PoS,11995334.88,12500000.0,-0.26204134268755913,0.6792457191081336,0.03354145725510464,0,PayCoin
Scrypt,PoW,5768310.0,21000000.0,-0.16769185750210044,-1.1517401805206429,-0.06815458248368145,1,ProsperCoin
X15,PoW/PoS,25542535.59,350000000.0,-0.2396478295737989,1.8399446670717716,-0.6318414076868951,0,KoboCoin
X11,PoW,11149734.0,20000000.0,-0.23064483619739043,-0.9308346102069461,0.046102462622282465,1,Spreadcoin
Scrypt,PoW,12205795.44,64000000.0,-0.16730821378054522,-1.1517616202462249,-0.06816072540011883,1,Argentum
Scrypt,PoW/PoS,18135099.99,16768584.0,-0.33586309525955627,1.0185732067633264,-0.5922317581835035,0,Aurora Coin
Scrypt,PoW/PoS,635423900.0,0.0,-0.3284364118227474,1.01877192842374,-0.592477776652566,0,BlueCoin
Multiple,PoW,1688254250.0,2000000000.0,-0.08971662419413329,-1.8041016615908732,0.3401998667201794,1,MyriadCoin
Scrypt,PoW,88.0,384000000000.0,2.5553924812097395,-1.3608487954014301,-0.09996705638844837,1,MoonCoin
SHA-256,PoW,170204389.8,169795588.0,-0.14008497693298133,-1.2672247631556495,0.20341075978911421,1,ZetaCoin
Scrypt,PoW,128940951.2,250000000.0,-0.16456216814184355,-1.1518270586785,-0.06822292369428497,1,SexCoin
Scrypt,PoW,7357794.793,100000000.0,-0.16711216496574227,-1.1517827140665566,-0.06816176513262437,1,Quatloo
Scrypt,PoW/PoS,123062801.1,0.0,-0.33469940340822757,1.018614565353323,-0.5922724235790894,0,EnergyCoin
Quark,PoW,259557164.9,247000000.0,-0.2129191667254227,-0.43857422683181896,0.11432008045286196,1,QuarkCoin
Groestl,PoW,49548585.14,84000000.0,-0.20121347461237307,-1.2672123849474832,0.09792952202244024,1,Riecoin
Scrypt,PoW,33442988.34,48166000.0,-0.1671609086434615,-1.1517464747390433,-0.06816792528046095,1,Digitalcoin 
Scrypt,PoW/PoS,42579.4769,500000.0,-0.3361996301003429,1.0185765094775951,-0.5922231588033527,0,BitBar
Scrypt,PoW,7219956.646,21000000.0,-0.16767411288653825,-1.1517397346718579,-0.06815516430010153,1,Catcoin
Scrypt,PoW/PoS,1039116.651,1000000.0,-0.33618390267636183,1.0185765432577547,-0.5922235996407789,0,CryptoBullion
Scrypt,PoW,4703879.518,13140000.0,-0.16776061149499874,-1.1517362270527314,-0.06815350461803965,1,CannaCoin
X11,PoW,4996986.206,18000000.0,-0.2307342299334711,-0.9308354107619583,0.04610509433959935,1,CryptCoin
Scrypt,PoC,39999997300.0,40000000000.0,0.6604265133530807,0.21475557551594754,-0.31475990281801647,0,CasinoCoin
Groestl,PoW/PoS,3304487.747,4380000.0,-0.3706358103006586,0.9031240560194944,-0.42611791621575595,0,Diamond
Multiple,PoW,15929530669.0,16555000000.0,0.18758880964092886,-1.8076540389223985,0.33328603568954457,1,Verge
SHA-256,PoW,18773857500.0,21000000000.0,0.23504856273230487,-1.2728546536780985,0.1942285634416995,1,DevCoin
Scrypt,PoW,12539015187.0,13500000000.0,0.08110406740703606,-1.1552311834741356,-0.0742946869009227,1,EarthCoin
Scrypt,PoW,20910478.81,21000000.0,-0.1675067628958812,-1.1517355298588698,-0.06816065142785166,1,E-Gulden
Scrypt,PoW,218871896.5,299792458.0,-0.16310974668810696,-1.15182655382501,-0.0682630933776751,1,Einsteinium
Scrypt,PoW,19496786.31,32000000.0,-0.1674460322619813,-1.1517419544180585,-0.06816099623425459,1,Emerald
PoS,PoS,5679705.0,0.0,-0.365866256858574,1.5064937911637555,-0.03396698881922472,0,Exclusive Coin
Scrypt,PoS/PoW/PoT,461829905.3,0.0,-0.25752508049449907,0.34577735991469677,-0.27776453278093216,0,FlutterCoin
Scrypt,PoW,1142732.149,11235813.0,-0.16781764656659406,-1.1517362838191145,-0.06815191954646267,1,Franko
NeoScrypt,PoW,208669093.0,336000000.0,-0.18505078018138832,-1.6186424402218138,0.17292051874239503,1,FeatherCoin
Scrypt,PoW,884125802.0,1420609614.0,-0.1470290618312257,-1.1522326056284906,-0.06862259141957845,1,GrandCoin
Scrypt,PoW,65672720.47,70000000.0,-0.16661209399724214,-1.151748466255052,-0.06818265194592554,1,GlobalCoin
Scrypt,PoW,41658648.0,72245700.0,-0.16688971047787993,-1.151757064733137,-0.06817321323317575,1,GoldCoin
Scrypt,PoW/PoS,89266933.68,120000000.0,-0.334261484372799,1.0185388360603012,-0.5922688209425059,0,HoboNickels
X11,PoS,1678520091.0,0.0,-0.3293120212453993,1.0161217997105212,-0.12450990336801437,0,HyperStake
Scrypt,PoW,90595753019.0,90600000000.0,1.5820411350720902,-1.173244402438064,-0.11196779804690829,1,Infinite Coin
X11,PoW/PoS,17650913.97,22000000.0,-0.39884358109762813,1.239473582056454,-0.4779728784627232,0,IOCoin
SHA-256,PoW,21089349.0,21000000.0,-0.14296297596068627,-1.26718953039497,0.2034828532704023,1,IXcoin
Scrypt,PoW,151447649.8,265420800.0,-0.16417768777066555,-1.1518285439671776,-0.06823322202260375,1,KrugerCoin
Scrypt,PoW,19326319.14,20000000.0,-0.1675332192589974,-1.1517354718279424,-0.0681599336450004,1,LuckyCoin
Scrypt,PoW,1104344.229,1350000.0,-0.16788822537449027,-1.151730912004615,-0.0681510850663451,1,Litebar 
SHA3,PoW/PoS,61445805.0,100000000.0,-0.3993157037451593,2.027223738038666,-0.5481028559020833,0,MaxCoin
Scrypt,PoW,38151999.99,42000000.0,-0.1671470755835954,-1.1517416705723282,-0.06816930175356231,1,MegaCoin
HybridScryptHash256,PoW,40431856.9,200000000.0,-0.14946068044779948,-2.1684512051742013,0.3183249510494467,1,MediterraneanCoin
Scrypt,PoS,21293925445.0,0.0,-0.026525868012984222,0.8012429677245853,-0.24663082890048563,0,MintCoin
Scrypt,PoW,5804204.888,10000000.0,-0.16776943003689615,-1.1517341791287543,-0.06815368545937053,1,MinCoin
SHA-256,PoW/PoS,1613836100.0,2419200000.0,-0.2747780978068668,0.9023009305963418,-0.32142678958913357,0,MazaCoin
Scrypt,PoS,16180000.0,16180000.0,-0.2865056923802124,0.7946990557803348,-0.23810410124578482,0,Nautilus Coin
X13,PoW/PoS,66087096.21,0.0,-0.27078009559456656,1.8619759338841535,-0.5397892505376812,0,NavCoin
Scrypt,PoW,2366066306.0,15000000000.0,-0.032609960595081935,-1.1591725014323617,-0.07034167721049148,1,NobleCoin
SHA-256,PoW,14736400.0,21000000.0,-0.14304063303928863,-1.2671914815961112,0.2034853995168007,1,Namecoin
Scrypt,PoW,334709223.5,337000000.0,-0.16142990264148743,-1.1518112387841835,-0.06831260354543775,1,NyanCoin
X13,PoW/PoS,15156364.33,0.0,-0.2714026618781731,1.861960291368817,-0.5397688376250919,0,OpalCoin
NeoScrypt,PoW/PoS,3220616.279,3770000.0,-0.3582106900575687,0.5517826698690504,-0.35104218063360965,0,Orbitcoin
Scrypt,PoW/PoS,222677226.0,420000000.0,-0.33050312465131904,1.0184164371257858,-0.5923471481216468,0,PotCoin
Scrypt,PoW/PoS,73959274.63,98000000.0,-0.3346046245083571,1.0185461153057511,-0.5922608628484642,0,PhoenixCoin
Scrypt,PoW/PoS,29315567169.0,0.0,0.02214347480359488,1.0275805507303244,-0.6039727078264796,0,Reddcoin
Scrypt,PoW,1104157.422,21000000.0,-0.16774887109741854,-1.151741613036445,-0.06815271310275234,1,RonPaulCoin
Scrypt,PoW,24215181.73,250000000.0,-0.1658423133643861,-1.151859223432364,-0.06818094986239369,1,StableCoin
Scrypt,PoW,25593737.14,51200000.0,-0.1672353392608602,-1.1517505377564088,-0.06816503070350166,1,SmartCoin
X11,PoS,50707661.75,0.0,-0.3492100493529599,1.01562184457638,-0.12385748013348749,0,SuperCoin
X11,PoW/PoS,1177.0,1000.0,-0.3992153431966893,1.239480141427591,-0.4779639817524432,0,SyncCoin
SHA-256,PoW,563336541.3,888000000.0,-0.13018595390096124,-1.2674951381802662,0.20319368617432465,1,SysCoin
Multiple,PoS,80260463.73,100000000.0,-0.24175399563511626,0.14287258371291964,0.17105602706329068,0,TeslaCoin
SHA-256,PoW,43536800.0,47011968.0,-0.1425041079239851,-1.267196801606667,0.2034717011514769,1,TigerCoin
PHI1612,PoS,1622326490.0,2300000000.0,-0.2966901447351108,1.5443768175072936,-0.051561091971134954,0,TittieCoin
X11,PoW/PoS,1431851.0,10000000.0,-0.3991269426689241,1.239475135591034,-0.4779653836355811,0,TorCoin
SHA-256,PoW,22935396.0,42000000.0,-0.1427914796048389,-1.2672003995686743,0.20348037341303388,1,TerraCoin
SHA-256,PoW,2278150.0,80000000.0,-0.14277449572221754,-1.267227438089795,0.2034855042762717,1,UnbreakableCoin
SHA-256,PoW,200911.7915,250000.0,-0.143365469403839,-1.2671846459149765,0.20349294455724048,1,Unobtanium
X11,PoW,1207310.0,0.0,-0.2309082089828287,-0.9308267722777431,0.046108104632185266,1,UroCoin
Scrypt,PoW/PoS,1098952593.0,1600000000.0,-0.311423237957881,1.0180429672799867,-0.5927961266747009,0,UnitaryStatus Dollar
Scrypt,PoW/PoS,50235211.14,100000000.0,-0.3348804384706641,1.0185377397020576,-0.5922515200129981,0,UltraCoin
Scrypt,PoW,23150892.17,23000000.0,-0.16746519269225144,-1.1517359309113968,-0.0681617150911104,1,ViaCoin
Scrypt,PoST,32021108.41,0.0,-0.3074790688279508,0.42971590713488195,-0.5934603832094091,0,VeriCoin
Lyra2REv2,PoW,51173723.82,84000000.0,-0.19761023081273887,-1.3020377358612119,0.17796115842132573,1,Vertcoin
Scrypt,PoW,119606941.0,265420800.0,-0.16456690172878666,-1.151838323303883,-0.06822046034450616,1,WorldCoin
X11,PoW/PoS,6950831.097,5500000.0,-0.399091393562511,1.2394792812575286,-0.4779672227793744,0,X11 Coin
Multiple,PoS,100000000.0,0.0,-0.24222189749287845,0.14293310426383912,0.17105640105908682,0,Crypti
SHA-256,PoW,39195739.36,45000000.0,-0.14257144086327525,-1.2671970392150043,0.2034736077406352,1,JouleCoin
X13,PoW/PoS,33093725.41,0.0,-0.2711833994444111,1.8619658005267543,-0.5397760268754775,0,StealthCoin
Scrypt,PoW/PoS,147990238.0,1000000000.0,-0.3273027588708178,1.0180776425424911,-0.5923652699705759,0,ZCC Coin
CryptoNight,PoW,184067000000.0,184467000000.0,3.859425363600495,-2.368264336617532,0.2863001110713485,1,ByteCoin
CryptoNight,PoW,6906587610.0,10000000000.0,0.4565457267297538,-2.327665130735677,0.37176112719609894,1,DigitalNote 
Shabal256,PoC,1813033920.0,2158812800.0,-0.00665893785408625,0.31563316289176685,-0.03161808345832773,0,BurstCoin
Counterparty,PoS,51173144.0,500000000.0,-0.3264328328087277,1.5767189444108038,0.04668012353708565,0,StorjCoin
Scrypt,PoW,68194674.87,105120000.0,-0.1663321973457227,-1.151766817288597,-0.0681865726254905,1,MonaCoin
SHA-256,PoW/PoS,39121694.0,68000000.0,-0.310701629224633,0.903097697422923,-0.32060083797641503,0,Neutron
Groestl,PoW/PoS,53193831.0,0.0,-0.37005703641078735,0.9031417639452515,-0.4261375488350873,0,FairCoin
Scrypt,PoW,415032420.0,1680000000.0,-0.15092357791947986,-1.1525179382681845,-0.06845607187047863,1,Gulden
Scrypt,PoS,27184490.39,0.0,-0.2864859234021681,0.7947112469098003,-0.23810717121600908,0,RubyCoin
Scrypt,PoW,137517654.4,166386000.0,-0.1650503135854184,-1.1517788900725732,-0.06821943333314671,1,PesetaCoin
X13,PoW/PoS,2022464.887,12000000.0,-0.2714781045896307,1.8619497225668782,-0.5397645678567953,0,Kore
Scrypt,PoW,181919.2436,2628000.0,-0.16789043740320764,-1.1517318912836665,-0.06815082125004504,1,Wild Beast Coin
Scrypt,PoS,174646113.9,500000000.0,-0.2811374158534656,0.7944842478341464,-0.23820770124144086,0,Dnotes
Scrypt,PoW,152270664.9,160000000.0,-0.16491526507565896,-1.1517708812536582,-0.0682248171881677,1,Flo
Scrypt,PoW/PoS,1467841.0,0.0,-0.3361857539792959,1.0185772195120613,-0.592223688616912,0,8BIT Coin
X13,PoW/PoS,7096834.0,10000000.0,-0.2714302604696974,1.861952370231476,-0.5397664359404347,0,Sativa Coin
Scrypt,PoW,792537250.0,1000000000.0,-0.1511315573925701,-1.1520316804065578,-0.0685510331173261,1,ArtByte
Stanford Folding,PoW,719416990.0,1000000000.0,-0.13512759536733848,-2.258072775640951,0.42108036295784185,1,Folding Coin
X11,PoS,2689812.0,20000000.0,-0.3496551704550704,1.0155962051266105,-0.12383989180763735,0,Ucoin
Multiple,PoW,65113302.0,0.0,-0.12374142297064986,-1.8035110242529966,0.341016128708132,1,Unitus
QuBit,PoW,6365285.0,0.0,-0.191112832800872,-1.56985637062879,0.1655311993914111,1,CypherPunkCoin
Scrypt,PoW,10140044.44,3371337.0,-0.167763439729097,-1.1517292376190695,-0.06815487403181811,1,OmniCron
Scrypt,PoW/PoS,11604722.0,20000000.0,-0.3359200041934232,1.0185694413070452,-0.5922294085647047,0,Vtorrent
Scrypt,PoW,4610340641.0,10000000000.0,-0.04063611970874845,-1.1557603161573287,-0.0708268991877296,1,GreenCoin
M7 POW,PoW,708506520.0,1840000000.0,-0.14159598701224632,-2.2006022470160387,0.3060279745286432,1,Cryptonite
Scrypt,PoW,619478.0,619478.0,-0.16789933309066107,-1.151730663096268,-0.06815083020535632,1,MasterCoin
SHA-256,PoW,12462620.0,21000000.0,-0.14306842723568214,-1.2671921799492902,0.20348631084225563,1,SoonCoin
Scrypt,PoW,88213.0,92000000000.0,0.4845479765671541,-1.2018317433562085,-0.07577327524519491,1,1Credit
X11,PoW/PoS,1513704.0,0.0,-0.39919686148474504,1.239480606519329,-0.4779645878867049,0,IslaCoin
SHA3,PoW/nPoS,63657220.0,78000000.0,-0.3741382443101683,2.1983149349719904,-0.2949678012568964,0,Nexus
X11,PoW,32221574.82,33000000.0,-0.23029506337920333,-0.9308352178715054,0.04609293995812866,1,MarsCoin 
Lyra2RE,PoW,13742738.0,65789100.0,-0.15761780416600724,-2.1658139786379094,0.3686265256673486,1,Crypto
SHA-256,PoW,14747200.0,53760000.0,-0.14280816916878117,-1.2672093186822868,0.20348268084083315,1,Anarchists Prime
QUAIT,PoW/PoS,8568038.359,5060000.0,-0.44014550309982453,1.9720917557489732,-0.772889634553649,0,Droidz
X11,PoW,15863837.5,21000000.0,-0.23058012007584938,-0.9308337069284138,0.04610049036561013,1,BowsCoin
X11,PoS/PoW,329200.0164,0.0,-0.3364003005174627,1.084671575112423,0.18574440444020743,0,Squall Coin
Scrypt,PoW,32565300.0,210240000.0,-0.16602221873141035,-1.151835006379182,-0.06818100223323897,1,Song Coin
Scrypt,PoW,75614500.0,250000000.0,-0.16521401918179596,-1.1518434369986208,-0.06820155058326015,1,BitZeny
Scrypt,PoS,100000000.0,100000000.0,-0.2848866486224868,0.7946791530802566,-0.238144641047492,0,Diggits
Ethash,PoW,10495278.0,16906397.0,-0.1361070216022681,-1.9748129372211858,0.4269331079934441,1,Expanse
X13,PoW/PoS,23042604.0,50000000.0,-0.27095166533885584,1.8619354845516949,-0.5397761411874269,0,Paycon
Blake2b,PoW,33098296530.0,0.0,0.3722102067770537,-2.194027701413629,0.30501388924092654,1,Siacoin
SHA-256,PoW/PoS,43059794.8,1000000000.0,-0.30404380551633514,0.9025913594534801,-0.3206796377169673,0,Emercoin
X15,PoW/PoS,13530556.42,26298000.0,-0.24209033558309895,1.840117259058722,-0.631809772812405,0,EverGreenCoin
X11,PoW,15867695.0,16000000.0,-0.23061553260722212,-0.9308309828493841,0.046100903097212716,1,MindCoin
SHA-256,PoW,20997476.87,21000000.0,-0.14296409898579174,-1.2671895586119448,0.20348289009252704,1,I0coin
BLAKE256,PoW/PoS,10365046.93,21000000.0,-0.07501382005457019,1.0006608779702804,-0.41540775864033974,0,Decred
Scrypt,PoW,210000000.0,210000000.0,-0.16385499728615774,-1.1517803796046369,-0.06825209774106694,1,Revolution VR
1GB AES Pattern Search,PoW,11448949.0,81962100.0,-0.15554055287813495,-2.301544251684376,0.2998417205896048,1,HOdlcoin
SHA-256,PoW/PoS,3669691.845,22000000.0,-0.3114612159524852,0.9031118595655917,-0.3205828175461381,0,EDRCoin
X11,PoW/PoS,10996318099.0,26550000000.0,-0.07650781818396485,1.2283989067205183,-0.4845710930342631,0,Hitcoin
Scrypt,PoW,69836100.0,84000000.0,-0.16646191462673557,-1.1517548116471832,-0.06818548059574533,1,Gamecredits
SHA-256,PoW/PoS,5129014.0,10500000.0,-0.31152493478778437,0.9031185704285858,-0.3205824496002213,0,DubaiCoin
SHA-256,PoW,21739971929.0,21626280000.0,0.27574724414521684,-1.2722847204994143,0.1929878612786879,1,CarpeDiemCoin
NIST5,PoW/PoS,10069449032.0,0.0,-0.24014295290854223,1.583205661381502,-0.58031009433403,0,PWR Coin
Scrypt,PoW/PoS,8998743.241,42000000.0,-0.3357958365034777,1.0185566601898615,-0.5922301869165892,0,BillaryCoin
Scrypt,PoS,40477042.0,221052632.0,-0.28475574679467286,0.7945949489041307,-0.23813081427240806,0,GPU Coin
X11,PoW,45110324.0,84000000.0,-0.22977582530547175,-0.9308590328310535,0.046083548546698896,1,Adzcoin
Dagger,PoW,5702048.0,30000000.0,-0.16539757141873426,-2.202106372886994,0.3111832679847416,1,SoilCoin
Scrypt,PoW,636462.5598,168351300.0,-0.1667095819732612,-1.1518220010829272,-0.06816473452271446,1,YoCoin
X11GOST,PoW,17263355.0,24000000.0,-0.16480852367457116,-2.241078506008049,0.2687974782329719,1,SibCoin
X11,PoW/PoS,10407269.79,384000000.0,-0.39636484467548094,1.2392742197486448,-0.47799996893184965,0,EuropeCoin
Scrypt,PoS,36971236047.0,99000000000.0,0.8672119515665139,0.7521446828596912,-0.2611169546377915,0,ZeitCoin
SHA-256,PoW/PoS,4377081.61,40000000.0,-0.31132491410790664,0.90310227440908,-0.3205845924658681,0,SwingCoin
Scrypt,PoC,2147483647.0,2147483647.0,-0.07072210928020584,0.22374349426658197,-0.29645241753563584,0,SafeExchangeCoin
PoS,PoS,20000000.0,20000000.0,-0.36554936992209247,1.5064872978237946,-0.03397438546910203,0,Nebuchadnezzar
Scrypt,PoW,6570807.657,20000000.0,-0.16768913988071904,-1.1517393894681691,-0.06815482126724103,1,Francs
X11,PoW,13654082.5,25000000.0,-0.23057876389675278,-0.9308365639328045,0.04610104460785845,1,BolivarCoin
X11,PoW/PoS,134554941.2,75000000.0,-0.39703869882141063,1.239480624477608,-0.47802412465389477,0,Ratecoin
SHA-256,PoW/PoS,1195525.0,222725000.0,-0.31006793059535176,0.9030017890767712,-0.3205984570835571,0,Revenu
SHA-256,PoW/PoS,16662820.0,525000000.0,-0.3077351464829379,0.9028419270228796,-0.3206297014946022,0,Clockcoin
NIST5,PoW/PoS,83450403.0,90000000.0,-0.36157137240797566,1.5800896182224722,-0.5763151875411638,0,VIP Tokens
X11,PoW/PoS,24387724.5,139000000.0,-0.39793147515833044,1.2394119354284283,-0.477985272657575,0,BitSend
Scrypt,PoW,616448.0,616448.0,-0.1678993916172965,-1.1517306623768069,-0.0681508287398876,1,Omni
POS 3.0,PoS,38589808.67,33500000.0,-0.32870146067526257,1.6341245544202854,0.057293785480849936,0,Let it Ride
Scrypt,PoW/PoS,813092338.6,2000000000.0,-0.3120807572940104,1.017737338582893,-0.592714696799249,0,PutinCoin
Scrypt,PoW/PoS,4526324.0,44333333.0,-0.33583395854137127,1.018554015877913,-0.5922285877114682,0,iBankCoin
Scrypt,PoW/PoS,100000000.0,100000000.0,-0.3342721244231057,1.018553024117659,-0.5922714656184809,0,Frankywillcoin
X13,PoS,5000000.0,200000000.0,-0.22072294790012922,1.6379743852048672,-0.18565451351532314,0,MudraCoin
X11,PoW,1377917.0,25000000.0,-0.23072882509654616,-0.9308403343499968,0.04610596486492205,1,PizzaCoin
X11,PoS,657000000.0,657000000.0,-0.33713945999415795,1.015450268736584,-0.1241549167046661,0,Lutetium Coin
Equihash,dPoW/PoW,115898131.0,200000000.0,-0.2176050903536642,-1.4617393946866395,0.4665704449883096,1,Komodo
X11,PoW/PoS,15563873.0,50000000.0,-0.3986705184025108,1.2394576928491443,-0.4779743619368174,0,GoldBlocks
Scrypt,PoW/PoS,43165500.0,90000000.0,-0.3350377764643425,1.0185410141480402,-0.5922478579347313,0,CarterCoin
CryptoNight,PoW,7822432.724,10000000.0,0.3013682590057284,-2.3243436273721536,0.37535386218450006,1,Karbo
SHA-256,PoW/PoS,595429.0,21000000.0,-0.3115058870154811,0.9031114599364599,-0.32058150253358414,0,BitTokens
SHA-256,PoW,6243840.0,9736000.0,-0.14322432783887507,-1.2671879558064891,0.20348973659880307,1,ZayedCoin
X11,PoW/PoS,657636.3455,3000000.0,-0.3991860500603756,1.2394787098560285,-0.47796449334349306,0,MustangCoin
Scrypt,PoW/PoS,2581970.0,21000000.0,-0.33602320443124656,1.018566125542088,-0.5922258751233389,0,ZoneCoin
Multiple,PoW,1000000000.0,1200000000.0,-0.10380324526775148,-1.803877384194029,0.3405420017664567,1,Circuits of Value
Scrypt,PoW/PoS,1939889.0,0.0,-0.33617998376633795,1.0185773644936424,-0.5922238778125942,0,RootCoin
Scrypt,PoW,116845228.0,200000000.0,-0.16506462050008255,-1.1518035447332495,-0.0682139329812616,1,DopeCoin
Scrypt,PoS,169598616.0,0.0,-0.28474508384142905,0.7947549870066279,-0.2381642504487287,0,BitCurrency
SHA-256,PoW,9106714.0,10638298.0,-0.1431829336439573,-1.2671875678954327,0.2034885144055317,1,DollarCoin
Scrypt,PoW/PoW,665200057.0,3100000000.0,-0.25213055557881553,0.15537628955371613,-0.4908349439879863,0,Swiscoin
Scrypt,PoW,11119200.0,30000000.0,-0.1675626219443088,-1.1517434382946974,-0.0681574728071097,1,Shilling
SHA-256D,PoW/PoS,19577787259.0,20000000000.0,0.023513201879625464,1.972200586656705,-0.7229305080214302,0,BuzzCoin
PoS,PoS,74033806.79,74000000.0,-0.3645059077260386,1.506474486138211,-0.03400051628544958,0,Opair
Scrypt,PoW/PoS,33522957.0,0.0,-0.3357939191537974,1.0185870647003215,-0.5922365362288902,0,PesoBit
X11,PoW/PoS,264678458.3,1500000000.0,-0.3853420868917333,1.2387445648562645,-0.4781943469793914,0,Halloween Coin
Lyra2Z,PoW,7568281.25,21400000.0,-0.14718106758968236,-2.172197592006077,0.4304863722549572,1,ZCoin
PoS,PoS,148716816.0,39999898.0,-0.36383412530518044,1.5065159395014789,-0.03402763195594469,0,CoffeeCoin
X13,PoS,2500124.0,2500124.0,-0.22215416250839795,1.6380811716659887,-0.18563714761309216,0,RoyalCoin
X14,PoW/PoS,100000000.0,100000000.0,-0.3614248376524118,2.039012104691337,-0.4987441672971176,0,GanjaCoin V2
PoS,PoS,17818682.17,301000000.0,-0.3635831996051615,1.5063336012112127,-0.03399679360782825,0,TeamUP
SHA-256D,PoW/PoS,1082162636.0,7506000000.0,-0.2911799849767349,1.973323935672774,-0.7144823099104616,0,LanaCoin
Ethash,PoW,26205539.0,26205539.0,-0.13584903383111088,-1.9748131761955592,0.42692604087392216,1,Elementrem
Equihash,PoW,5613550.0,21000000.0,-0.141167800908239,-2.0490439122312956,0.3654072887609522,1,ZClassic
DPoS,DPoS,108202084.0,125000000.0,3.7080147406509885,2.042310210567631,-0.24009459664604843,0,ARK
X11,PoW/PoS,18342813.0,30000000.0,-0.39877838797769566,1.2394694379307512,-0.4779738186184462,0,InsaneCoin
Scrypt,PoW,196297971.0,10000000000.0,-0.09459242544607321,-1.1571160149193775,-0.06905776169722024,1,KiloCoin
X11,PoW,824000000.0,500000000.0,-0.2173046001082822,-0.930846354805968,0.04573690356944058,1,ArtexCoin
X13,PoW/PoS,92192822723.0,850000000.0,0.8613854005372686,1.8898082149644708,-0.5767838477298336,0,EmberCoin
X11,PoW/PoS,3853326.777,3853326.777,-0.3991409348899934,1.2394792266547314,-0.4779658448712376,0,XenixCoin
PoS,PoS,50000000.0,50000000.0,-0.3649698982836796,1.5064801744522576,-0.03398889506169566,0,FreeCoin
Scrypt,PoW/PoS,17089600.0,38540000.0,-0.3357214737169562,1.0185610294028904,-0.592233143032007,0,PLNCoin
Scrypt,PoW/PoS,2449577.415,42000000.0,-0.33587589209424823,1.0185546487240313,-0.5922275620269678,0,AquariusCoin
X11,PoW,61364813.0,228000000.0,-0.2285558950200313,-0.9309324598936776,0.04606510259016067,1,Kurrent
PoS,PoS,20000000.0,20000000.0,-0.36554936992209247,1.5064872978237946,-0.03397438546910203,0,Creatio
X11,PoW/PoS,6069482.077,60000000.0,-0.39871565642050566,1.2394493310185708,-0.4779713851635493,0,Eternity
SHA-256,PoW/PoS,12416554.0,20000000.0,-0.3113684800695572,0.90311563517449,-0.3205861575559939,0,Eurocoin
Scrypt,PoW/PoS,20244023.64,33000000.0,-0.33572220405317255,1.0185650151977552,-0.5922339482976069,0,BitcoinFast
X11,TPoS,75590369.0,76500000.0,-0.3895691032947024,0.5084224850076373,-0.2201557458061574,0,Stakenet
Scrypt,PoW/PoS,11080722.38,28000000.0,-0.3358696739563869,1.0185649237385779,-0.592229861391227,0,BitConnect Coin
Scrypt,PoW/PoS,10914418.0,650659833.0,-0.33145584256440297,1.018225785283535,-0.5922813855509443,0,MoneyCoin
X11,PoW/PoS,814671.0,5000000.0,-0.3991699466287742,1.2394776689288687,-0.4779647219936694,0,Enigma
CryptoNight,PoW,978145.0,21000000.0,0.3013626072146844,-2.324351719847076,0.3753556939473615,1,Cannabis Industry Coin
Scrypt,PoW/PoS,8377873.0,144000000.0,-0.33508004832114946,1.018500922457066,-0.5922383893379723,0,Russiacoin
Scrypt,PoS,33813143822.0,32514916898.0,0.35710009747205584,0.7873810983701122,-0.25434254182396326,0,PandaCoin
Scrypt,PoW/PoS,3472983.0,13000000.0,-0.33606904837586987,1.0185707558325239,-0.59222556939488,0,GameUnits
Scrypt,PoW/PoS,3315789.0,3315789.0,-0.3361396496950001,1.0185759813695539,-0.5922247040014185,0,GAKHcoin
Quark,PoS,10517772.74,15000000.0,-0.33651562191328904,1.5079090408687363,-0.055506627830372426,0,Allsafe
QuBit,PoW/PoS,30227750.0,78835200.0,-0.35855444670479825,0.6004153110354439,-0.3585574662757764,0,LiteCreed
Scrypt,PoW,894026.0,2714286.0,-0.16788112082890927,-1.1517317195616168,-0.0681511138099617,1,OsmiumCoin
CryptoNight,PoW,9357088.0,25000000.0,0.3014933973547465,-2.324351324711457,0.37535200426538684,1,Bikercoins
Lyra2RE,PoW,1876146.444,9999999.0,-0.15815851160758068,-2.165787241696759,0.36863590420403564,1,HexxCoin
Scrypt,PoW/PoS,23965372.0,500000000.0,-0.3323647805497084,1.0183118398229465,-0.5922741333401488,0,Klingon Empire Darsek
SHA-256,PoW/PoS,2526078.475,21000000.0,-0.31148228717263116,0.9031120529028853,-0.3205822763331648,0,Internet of People
X11,PoW/PoS,5659096.957,9354000.0,-0.3990798511171781,1.2394767857162743,-0.4779670243807308,0,KushCoin
Scrypt,PoW/PoS,11821728.0,20000000.0,-0.3359173515588749,1.0185695079567785,-0.5922294955401777,0,Printerium
X11,PoW,536982074.0,100000000000.0,0.4848346786148586,-0.9851201033617886,0.03760781383568209,1,PacCoin
Scrypt,PoW/PoS,308179.0,21933333.0,-0.3360443796233364,1.018564918912116,-0.5922250411252815,0,Impeach
CryptoNight-V7,PoW,10969318.52,185000000.0,-0.15077603817425703,-2.2282099510285502,0.36298723652089554,1,Citadel
Scrypt,PoS,2922613.964,55000000.0,-0.2863924388168469,0.7946738434467427,-0.23810200416983462,0,Zilbercoin
Scrypt,PoW/PoS ,110000000.0,110000000.0,-0.2646253975777023,0.0868084265562795,-0.40309087230044427,0,FirstCoin
Scrypt,PoW,3115258.0,3360000.0,-0.16784938960497697,-1.1517313889898593,-0.06815205757528589,1,BeaverCoin
X13,PoS,14524851.48,14524851.48,-0.2219218962239212,1.6380783164459396,-0.18564296340965128,0,FindCoin
X11,PoW,30385540.0,1000000000.0,-0.2234596036672213,-0.9313623895291654,0.046013554533235745,1,VaultCoin
Equihash,PoW,6921653.9,17000000.0,-0.14118017867594665,-2.049041332153833,0.36540709589825654,1,Zero
Scrypt,PoW/PoS,1000000000.0,1000000000.0,-0.31688797527071766,1.018339322971511,-0.5927067533962982,0,OpenChat
Scrypt,PoW,99843408.32,100000000.0,-0.1659816407699336,-1.151754308670157,-0.06819883313999416,1,Canada eCoin
Lyra2RE,PoW,18545757.5,21000000.0,-0.15787673456347162,-2.1657881122747846,0.36862831165377724,1,Zoin
Scrypt,PoS,36050365.0,34426423.0,-0.2861333988423645,0.7946952220117226,-0.2381135770565617,0,RenosCoin
Dagger-Hashimoto,PoW,2232901.0,2232901.0,-0.1589707025893046,-2.150415837004118,0.34702503492345776,1,DubaiCoin
X11,PoW/PoS,13162749.09,100000000.0,-0.3983452723771898,1.2394297264417973,-0.4779775423490273,0,VirtacoinPlus
Blake2S,PoW/PoS,12184195.93,36900000.0,-0.3843343383060499,1.9416256713380402,-0.48804329238643596,0,TajCoin
X11,PoW/PoS,110630387.9,110000000.0,-0.3970829296094223,1.2394542161947129,-0.47801743569528604,0,Impact
Scrypt,PoW,64096052.0,4000000000.0,-0.13876005474055253,-1.1538891453931677,-0.06850764227689243,1,EB3coin
PoS,PoS,111135836.9,110290030.0,-0.3637950139070583,1.5064661186181239,-0.03401839351812166,0,Atmos
X11,PoW/PoS,21521322.01,100000000.0,-0.3982430989842898,1.2394322936365,-0.4779808924445805,0,HappyCoin
NIST5,PoW,10123200.0,48252000.0,-0.19447138471150438,-0.5902174526066264,-0.05220976940797096,1,Coinonat
PoS,PoS,401421401.0,400000000.0,-0.3581920209362211,1.506397505010322,-0.034158743335996986,0,MacronCoin
X11,PoW/PoS,121665451.6,500000000.0,-0.3941821839699619,1.2392452196758788,-0.47805417218076357,0,Condensate
Scrypt,PoW/PoS,5368934.0,21212121.0,-0.33598763283554955,1.0185668659944662,-0.592227009707083,0,Independent Money System
Scrypt,PoW/PoS,1148324.0,28600000.0,-0.3359868302901698,1.018561546422617,-0.5922259302236059,0,ArgusCoin
Scrypt,PoW/PoS,500000.0,1000000000.0,-0.32910564773478024,1.0180323434033525,-0.5923061562444439,0,LomoCoin
SHA-256,PoS,100545745.0,75000000000.0,0.2708476985331284,0.6384363091587186,0.02729283697426685,0,ProCurrency
X11,PoW/PoS,17171382.0,40000000.0,-0.39872178792838603,1.2394636323569486,-0.4779741776671288,0,GoldReserve
Scrypt,PoW,20276099.15,35520400.0,-0.16741153965513103,-1.1517436322006556,-0.06816160026556034,1,BenjiRolls
Scrypt,PoS,295135466.4,2000000000.0,-0.26902667460499696,0.7937043858276785,-0.23838027638255097,0,GrowthCoin
SHA-256,PoW,1317747500.0,2500000000.0,-0.10953199470403285,-1.2681412946881507,0.20275775698614534,1,ILCoin
PoS,PoS,11390225.97,30000000.0,-0.3655836945739493,1.506479207688382,-0.0339717632481166,0,Phreak
Scrypt,PoW/PoS,21358764.0,105000000.0,-0.3351979582488571,1.0185261478940641,-0.5922403606813929,0,Degas Coin
X15,PoW/PoS,40659020000.0,90000000000.0,0.8928391818489774,1.8036030602385107,-0.6555552047157042,0,HTML5 Coin
SHA-256,PoS,10343113.0,200084200.0,-0.26073120377715425,0.6791430572676336,0.033526577072181825,0,Ultimate Secure Cash
Scrypt,PoW,13673406.43,72000000.0,-0.1672335385248911,-1.1517655261250819,-0.06816197645929559,1,EquiTrader
POS 3.0,PoS,100000000.0,100000000.0,-0.3274791819337105,1.6341072010311504,0.057263662533447744,0,QTUM
CryptoNight-V7,PoW,69036016.83,105000000.0,-0.15063359832977186,-2.2281485505132608,0.36297059197330706,1,Quantum Resistant Ledger
536,PoW/PoS,22801882871.0,50000000000.0,0.5813635021868528,1.9888068015960259,-0.6683160372440514,0,Espers
Argon2d,PoW,19784224.65,0.0,-0.15184786083752194,-2.376720695456381,0.24347789501042882,1,Dynamic
Blake2b,PoW,133248297.0,340282367.0,-0.028334173033031547,-2.2043376705948132,0.3181980055512384,1,Nano
Cloverhash,PoW,18407259.09,30000000.0,-0.16526636300270528,-2.2138987321872325,0.30935326879242286,1,ChanCoin
CryptoNight,PoW,1809467143.0,2000000000.0,0.3375041299098425,-2.3248739945014343,0.37446688488120733,1,Dinastycoin
NIST5,PoW/PoS,4171382.0,10000000.0,-0.3631078170185888,1.5801088353164483,-0.5762767842608637,0,Denarius
X11,PoW,35138975.0,100000000.0,-0.2297842419346014,-0.930870808624372,0.04608621935038149,1,DigitalPrice
NIST5,PoW/PoS,62942075.0,120000000.0,-0.36160930367922905,1.5800669820698254,-0.5763094535196089,0,Virta Unique Coin
Skein,PoW/PoS,6804362.0,100000000.0,-0.4240392422499751,2.0380304320642497,-0.7028890179828895,0,Bitcoin Planet
Scrypt,PoW,18133195.0,19276800.0,-0.1675529326399785,-1.1517354444364731,-0.06815939552264384,1,Unify
X13,PoW/PoS,21268092.0,30000000.0,-0.27111519532936523,1.8619458311173152,-0.5397737728566473,0,BritCoin
Scrypt,PoW,5167775.0,75000000.0,-0.16731623371853252,-1.151769772222884,-0.06815881598965957,1,SocialCoin
X11,PoW,26042364.37,60000000.0,-0.23017911441828287,-0.9308518193408032,0.046093179471073976,1,ArcticCoin
X11,PoW,2622886.0,18900000.0,-0.23075686767919748,-0.9308366300477638,0.04610597130316465,1,DAS
Scrypt,PoW/PoS,9044930943.0,50000000000.0,0.12895643502268905,0.9941258240499429,-0.5999910632691021,0,Linda
CryptoNight,PoW,14161803.0,54000000.0,0.30175779532560104,-2.324365641811005,0.37534767573684386,1,LeviarCoin
X13,PoW/PoS,21917018.05,18898187.62,-0.2711859963504101,1.8619520762362558,-0.5397731130980051,0,DeepOnion
Time Travel,PoW,17801865.16,21000000.0,-0.13952683349018272,-2.1902709357944223,0.3759084949515709,1,Bitcore
Scrypt,PoW,163055000000.0,200000000000.0,3.2436252442898397,-1.2105666932548396,-0.15007368237758187,1,gCn Coin
Keccak,PoW,2241009149.0,5000000000.0,-0.14730909463143288,-1.1362637463420906,-0.027415931378265517,1,SmartCash
SkunkHash v2 Raptor,PoS,107972766.0,137500000.0,-0.33652374632468396,1.6029260770669018,0.029691180763023007,0,Signatum
X11,PoW,122475638.4,1100000000.0,-0.22162472047061577,-0.9313885634938336,0.04596835949377625,1,Onix
Skein,PoW/PoS,47331802.48,100000000.0,-0.4235438435570373,2.038042879384086,-0.7029052612817671,0,Cream
SHA-256,PoW,17995589.65,21000000.0,-0.14300079340783084,-1.2671904805909773,0.20348409324157174,1,Bitcoin Cash
X11,PoW/PoS,12569262.54,9507271.0,-0.3989942957549611,1.239478824588946,-0.4779698066575215,0,Monoeci
Scrypt,PoS,18663297.35,17405891.2,-0.28646664314584724,0.7946991508888108,-0.2381051981171525,0,Draftcoin
VeChainThor Authority,Proof of Authority,55454734800.0,86712634466.0,4.401551793174642,2.5408129290168597,9.312005982113739,3,Vechain
Scrypt,PoW,485214.0,10500000000.0,-0.093440029899747,-1.1574484449315885,-0.06902070819174978,1,Sojourn Coin
PoS,PoS,4000000.0,61599965.0,-0.36544992614396377,1.506459729232429,-0.033971419495681915,0,Stakecoin
Scrypt,PoW,143007000000.0,0.0,1.5801754306778566,-1.1078083278061774,-0.12546738591575862,1,NewYorkCoin
Scrypt,PoW,9704042.0,20000000.0,-0.16765083989977264,-1.1517384271480835,-0.0681560770598911,1,FrazCoin
Scrypt,PoW,17453749.4,84000000.0,-0.16710222518454287,-1.1517709000027274,-0.06816448587792863,1,Kronecoin
Scrypt,PoW,32646731.06,100000000.0,-0.1668030384622157,-1.1517749469962868,-0.06817190087633798,1,AdCoin
Scrypt,PoW,33716526.0,100000000.0,-0.1667899615195638,-1.1517746184268136,-0.06817232964752955,1,Linx
Scrypt,PoW/PoS,19539588.0,48252000.0,-0.3356226487005609,1.0185564929255686,-0.5922349296741606,0,CoinonatX
Scrypt,PoW/PoS,4200000.0,4200000.0,-0.336122570521771,1.018575771417438,-0.5922251316527978,0,Ethereum Dark
CryptoNight,PoW,8946653.0,88888888.0,0.3019414762496665,-2.3243862433069706,0.3753468752186804,1,Sumokoin
SHA-512,PoS,25000000.0,91388946.0,-0.3524557342063325,1.2786454208733746,-0.272705117536045,0,Obsidian
Ouroboros,PoS,25927070538.0,45000000000.0,0.7155911164877637,1.4548695026811578,0.24744682781358382,0,Cardano
X11,PoW/PoS,7262402.043,27000000.0,-0.39893510834258505,1.2394676685059576,-0.47796912905026695,0,Regalcoin
Equihash,PoW,5211553258.0,21000000000.0,0.07125022818653308,-2.0588697153997115,0.3615825345909998,1,BitcoinZ
NeoScrypt,PoW/PoS,182638400.0,400000000.0,-0.3532074875922166,0.5516219965365979,-0.3511469206908278,0,TrezarCoin
X11,PoW,2702855669.0,1800000000.0,-0.18511835557247855,-0.9309772484831201,0.0448761506227351,1,Elements
Scrypt,PoW/PoS,1140734.917,15733333.0,-0.33607817264827267,1.0185685510065103,-0.5922248611073314,0,TerraNovaCoin
NeoScrypt,PoW,4165967.575,27000000.0,-0.18974199079633577,-1.6185369750423122,0.17302808545473403,1,VIVO Coin
Lyra2REv2,PoS,24000000.0,24000000.0,-0.31727483476380347,0.6444200065748891,0.008031275769487022,0,Rupee
Equihash,PoW,17202361.09,21000000.0,-0.14102614178052963,-2.0490403529234174,0.3654026439938526,1,Bitcoin Gold
Scrypt,PoW/PoS,48459472454.0,25000000000.0,0.4334528678484894,1.0198458070546899,-0.6137169265700381,0,WomenCoin
SHA-256,PoW/PoS,92050800.0,100000000.0,-0.30982769326514614,0.9030965271818818,-0.3206247032096036,0,Theresa May Coin
NIST5,PoW/PoS,560563220.0,1200000000.0,-0.3478671982335177,1.5796316728511133,-0.5765983828343667,0,NamoCoin
PHI1612,PoW/PoS,8305775.318,60000000.0,-0.3816910004086947,1.7689748259330607,-0.4048554245927456,0,LUXCoin
Dagger,PoW,33986980.0,156306732.7,-0.16415606312802608,-2.2021664696227408,0.311161466241259,1,Pirl
Scrypt,PoW/PoS,2149688.0,21000000.0,-0.33602848855319567,1.0185659927739612,-0.5922257018657721,0,Xios
Quark,PoW/PoS,30711550.53,200000000.0,-0.3843422449978906,1.7316883669966692,-0.40965687429216724,0,Bitcloud 2.0
Scrypt,PoW,99990001.49,100000000.0,-0.16597984884663539,-1.1517542636465374,-0.06819889189417769,1,eBoost
POS 2.0,PoS,12330806.31,21000000.0,-0.34399646701181863,1.572398466120947,0.04033643750407621,0,KekCoin
Scrypt,PoW/PoS,16362544.99,14788275.99,-0.3358988068091332,1.0185737407868167,-0.5922308836683199,0,BlackholeCoin
SHA-256,PoS,8999999990.0,9000000000.0,-0.08843512888432435,0.6771118307144328,0.0291944228759791,0,Infinity Economics
X11,PoW,175215859.0,350000000.0,-0.2262989880802435,-0.9309639310850535,0.04600936299441557,1,Pura
NeoScrypt,PoW,6375259.04,45000000.0,-0.18958733002925202,-1.6185460989150464,0.17302570857648142,1,Innova
Ethash,PoW,12756367.0,280000000.0,-0.1342135393002878,-1.9749555179782992,0.42691040299305993,1,Ellaism
NeoScrypt,PoW,5832306.875,31800000.0,-0.189687580526832,-1.6185390772327917,0.17302701988345195,1,GoByte
X11,PoW/PoS,38198594.83,144000000.0,-0.39772719437302345,1.2394134543100623,-0.4779912222982544,0,Magnet
DPoS,DPoS,288090567.5,500000000.0,3.7128731350280337,2.042161243211718,-0.24019776633555912,0,Lamden Tau
NIST5,PoW/PoS,28399150208.0,30000000000.0,0.1966734693069229,1.5724979543822228,-0.5901422597441598,0,Electra
X13,PoW/PoS,183534024.9,210000000.0,-0.2678551429108769,1.8618976441684658,-0.5398537226415542,0,Bitcoin Diamond
Multiple,PoW,481730566.6,660000000.0,-0.11396810499912702,-1.8037424893293006,0.34079446487528,1,SHIELD
Scrypt,PoW/PoS,110976977.3,210000000.0,-0.3333578311580463,1.0184964918373138,-0.5922849792730376,0,Cash & Back Coin
CryptoNight,PoW,19281821413.0,85000000000.0,1.1397131854099618,-2.364707700334914,0.36058699861183896,1,UltraNote
CryptoNight,PoW,4500000.0,12500000.0,0.30134537614688267,-2.3243460092484614,0.37535498666855827,1,BitCoal
Ethash,PoW,520891780.0,10000000000.0,-0.05906857468487619,-1.9800927592039739,0.425901387755835,1,DaxxCoin
NIST5,PoS,13247178.88,27716121.0,-0.3134857590213742,1.3562281039321433,-0.22215506512573197,0,Bulwark
Quark,PoS,16955764.9,20000000.0,-0.33640146560081746,1.5079082952951866,-0.055509622439540766,0,Kalkulus
X11,PoW,80316207.0,550000000.0,-0.2260406335769358,-0.93110199368319,0.046030827435326264,1,AC3
CryptoNight-V7,PoW,441250233.4,999481516.0,-0.13974012552076706,-2.228521346911853,0.36274729668169425,1,Lethean
Scrypt,PoW/PoS,4911500269.0,50000000000.0,0.07843026981224242,0.9928563105298669,-0.5983343943792668,0,GermanCoin
Scrypt,PoW/PoS,8419402.321,150000000.0,-0.33503698905414003,1.01849766773898,-0.5922389031160376,0,LiteCoin Ultra
Scrypt,PoW,3964201249.0,4999999999.0,-0.08399407292867257,-1.1532358727103773,-0.07015365042279793,1,PopularCoin
X11,PoW/PoS,45174214.11,50000000.0,-0.39830856797806746,1.2394667871660299,-0.4779862296890076,0,PhantomX
BLAKE256,PoW,30089671531.0,90000000000.0,1.099086926289796,-1.2094087156164524,0.08915384045433083,1,Photon
X11,PoW,4229040.504,19800000.0,-0.23073085164966603,-0.9308366268654635,0.04610525299039137,1,Sucre
NeoScrypt,PoW,7847417.334,21000000.0,-0.18973954116990843,-1.6185325768739913,0.17302710707190286,1,SparksPay
Quark,PoS,27299680.0,120000000.0,-0.3355658301208168,1.5078570143689893,-0.0555220538089606,0,Digiwage
NeoScrypt,PoW,299797953.0,500000000.0,-0.1827737629925512,-1.6187037624612155,0.17287040621063868,1,GunCoin
Scrypt,PoW,45483049.34,64000000.0,-0.16690143980490382,-1.151751399698919,-0.06817406284197362,1,IrishCoin
Scrypt,PoW/PoS,591022748.0,900000000.0,-0.32259641869819294,1.0182681703913397,-0.5925345507618499,0,Trollcoin
Scrypt,PoW/PoS,2504486.228,4000000.0,-0.33614471450387795,1.0185753595847489,-0.5922244355239236,0,Litecoin Plus
X11,PoS,4407252.0,21000000.0,-0.34962708490194155,1.0155961880304887,-0.1238406630089188,0,Monkey Project
X11,PoW,8478104.34,23000000.0,-0.23065621781146153,-0.9308370644894969,0.04610328483829856,1,Pioneer Coin
SHA-256,PoW,20166000.0,20166000.0,-0.1429801774551427,-1.2671893598072799,0.20348329244793673,1,UnitedBitcoin
C11,PoW,11916588.09,23000000.0,-0.17574645313881787,-1.2037185987260437,0.2067624684048616,1,Interzone
POS 3.0,PoS,20445861.53,25000000.0,-0.32898352983632834,1.6341236107331718,0.05730176180247683,0,TokenPay
Ethash,PoS,1618033.0,1618033.0,-0.2552308812394694,-0.028373924341624192,0.25699218755115066,0,1717 Masonic Commemorative Token
Scrypt,PoW and PoS,9399342.528,30000000.0,-0.2840569866338972,0.20193921643360038,-0.352081487428116,0,My Big Coin
CryptoNight,PoW,53139835214.0,1000000000000.0,8.042708530478182,-2.852598432612036,0.2712039743230836,1,TurtleCoin
SkunkHash,PoW,4818338.989,16600000.0,-0.13014924343508325,-2.1582209681338322,0.42793681129520333,1,MUNcoin
Scrypt,PoW/PoS,234846265.8,232000000.0,-0.3316876570747291,1.0185225554654282,-0.5923364486022551,0,Unified Society USDEX
CryptoNight,PoW,133932467.8,336000000.0,0.3052217723169413,-2.3244824275077303,0.37527630668664974,1,Niobio Cash
Scrypt,PoW,10000000000.0,10000000000.0,0.02524591404926179,-1.1541049731832962,-0.07298706145754336,1,ShareChain
Dagger,PoW,107325266.0,100000000.0,-0.16365891553162165,-2.2021132815491757,0.31113673776037204,1,Travelflex
Lyra2REv2,PoW,643795911.5,1100000000.0,-0.18316073707083758,-1.3024090140653126,0.17763945567564768,1,KREDS
X13,PoS,230298925.0,800000000.0,-0.21371378027072202,1.637716834658352,-0.18579452609412236,0,Tokyo Coin
Proof-of-BibleHash,POBh,1772091550.0,5200000000.0,-0.20830066228363003,2.04442579734598,11.306502983894513,3,BiblePay
SHA-256 + Hive,PoW + Hive,638382332.2,840000000.0,-0.37662577251074975,3.1891186812411934,15.356122761392834,3,LitecoinCash
Scrypt,PoW,12446100.0,40000000.0,-0.16747548283560457,-1.151748476548268,-0.06815883318073797,1,BitFlip
Scrypt,PoW,14491014421.0,18406979840.0,0.13976487662055265,-1.1573038972817487,-0.07548361385671018,1,LottoCoin
X11,PoW,211297638.5,500000000.0,-0.22479414164981754,-0.9310345360029089,0.045982473175194855,1,Crypto Improvement Fund
C11,PoW/PoS,11251342.19,19340594.0,-0.34407293503387576,0.966590474483341,-0.3173095314810919,0,Stipend
Proof-of-Authority,PoA,204479039.0,252460800.0,-0.4367548953177713,2.628417580855158,6.250817220441664,3,Poa Network
X11,PoW/PoS,2167827.1,25000000.0,-0.39901156720192354,1.2394671929508907,-0.4779669214460364,0,Pushi
XEVAN,PoW/PoS,419275.38,60000000.0,-0.3136983959562298,1.6856075739892635,-0.2115501376494461,0,Ellerium
Scrypt,PoS,25570013.13,124000000.0,-0.28562625824544285,0.7946432232726078,-0.23811679822392093,0,Velox
VBFT,PoS,650848625.0,1000000000.0,-0.3031498339066988,1.6982221729848217,0.11637818102002313,0,Ontology
Ethash,PoW,247612453.0,6500000000.0,-0.08723086148180888,-1.978270666355993,0.4263009118161532,1,Callisto Network
CryptoNight,PoW,80049082.91,1000000000.0,0.30927215955732423,-2.324860577238812,0.3752428869395394,1,BitTube
Scrypt,PoW,4070212.149,21000000.0,-0.16771261468404688,-1.1517407020627588,-0.06815390189022197,1,Poseidon
IMesh,PoW,25000000.0,25000000.0,-0.1778750965151524,-2.222238345935969,0.170644329041674,1,Aidos Kuneen
NIST5,PoW/PoS,13787854.63,50000000.0,-0.3627065898539244,1.5800900056997247,-0.5762839527409731,0,Bitspace
Scrypt,PoW/PoS,845637.8135,3000000.0,-0.33617208384610076,1.0185753946762877,-0.5922236878060063,0,Briacoin
Scrypt,PoW/PoS,1182153.5,5000000.0,-0.33615378647706795,1.0185744088737005,-0.5922239883917413,0,Ignition
Equihash,PoW,71355477.0,70000000.0,-0.14001668086014207,-2.049050405070954,0.3653768796363813,1,Bitrolium
Scrypt,PoS,267297676.3,500000000.0,-0.28000486313441897,0.7945127041989438,-0.2382448357607125,0,MedicCoin
Lyra2Z,PoW,27340501.65,300000000.0,-0.14496356260418938,-2.172343238970399,0.4304553640451671,1,Alpenschillling
Green Protocol,PoS,9803691.362,21000000.0,-0.2998801700594728,1.608798446525679,0.12380715888829405,0,Bitcoin Green
PoS,PoS,21876586.85,88000000.0,-0.36504417921826754,1.5064508428238166,-0.03398077177695101,0,Deviant Coin
Scrypt,PoW/PoS,9880502.372,30000000.0,-0.33587016131309644,1.0185634659535394,-0.5922295460570594,0,Abjcoin
Semux BFT consensus,DPoS,1231147.0,100000000.0,3.9099086902057842,2.1858329592129837,-0.34171635368473013,0,Semux
X11,PoW,31801461.19,100000000.0,-0.2298250389837009,-0.9308718336854506,0.04608755701774169,1,FuturoCoin
Quark,PoW/PoS,139739596.5,200000000.0,-0.3830095096751708,1.7317218531222007,-0.4097005724659422,0,Carebit
PoS,PoS,11075254.09,80000000.0,-0.36523294787607924,1.506451882007448,-0.03397577978495041,0,Zealium
CryptoNight,PoW,16016864.0,18400000.0,0.3015279982367313,-2.3243456850531503,0.3753498818900147,1,Monero Classic
X16R,PoS,4403800.0,45000000.0,-0.3023416643565111,0.7393082775479637,0.0770633216417041,0,Proton
Scrypt,PoW/PoS,1404157529.0,5121951220.0,-0.28271502273344146,1.0162187256741735,-0.5932102652210044,0,iDealCash
NIST5,PoW,21069346.25,21000000.0,-0.1945308508452705,-0.5901992498195227,-0.05221189861751431,1,Jumpcoin
Lyra2RE,PoW,5097689.711,26280000.0,-0.15800367541717272,-2.165795117998343,0.36863326412917846,1,Infinex
XEVAN,PoS/PoW,10904963.09,21000000.0,-0.2510357666223317,1.5308233654601702,0.4521574086591168,0,Bitcoin Incognito
Tribus,PoW,795447.0,18000000.0,-0.16209511865821558,-2.1529960474622953,0.2789099980088943,1,KEYCO
Scrypt,PoS,38706809.47,26000000.0,-0.2861606866984215,0.7947006267456093,-0.23811394357720553,0,HollyWoodCoin
Lyra2Z,PoW,6986399.704,10500000.0,-0.14726548249669535,-2.172191834811687,0.43048750859699597,1,GINcoin
CryptoNight,PoW,84300.0,600000518.0,0.3054579161988861,-2.3246673058142795,0.3753080788000808,1,PlatinCoin
CryptoNight Heavy,PoW,19153632.0,150000000.0,0.5827806335772718,-2.3013188055656504,0.42427846106986494,1,Loki
CryptoNight,PoW,41294520017.0,184000000000.0,2.110893421739021,-2.411860177623052,0.3435616648810445,1,Newton Coin
Scrypt,PoW/PoS,10200000000.0,10200000000.0,-0.13918333949075284,1.0161548223664378,-0.597156361791761,0,Swisscoin
Scrypt,PoS,7630000.015,44000000.0,-0.28641290805104397,0.7946812796083559,-0.2381029794677398,0,Xt3ch
Jump Consistent Hash,PoW,135862416.0,168000000.0,-0.1484090199111289,-2.1086998176059266,0.4116877162587849,1,MassGrid
SHA-256D,PoW/PoS,33238183.72,100000000.0,-0.3565246961479471,1.977034927200515,-0.713448275460806,0,TheVig
CryptoNight,PoW,560085952.4,1000000000.0,0.31514002673301456,-2.3247131420103018,0.3750504893380362,1,PluraCoin
Scrypt,PoW/PoS,21599339.67,84000000.0,-0.3353439481791535,1.0185376579387302,-0.5922387171372796,0,EmaratCoin
X15,PoS,30284196.37,90000000.0,-0.19204829633460427,1.6162138428572022,-0.2776949411226157,0,Dekado
Scrypt,HPoW,77872059788.0,92000000000.0,2.2483175683570784,0.2513094255672362,-0.46314361225670597,0,Lynx
Quark,PoS,2716264.953,650000000.0,-0.3321076059152702,1.5075608371957496,-0.055556114270415964,0,Poseidon Quark
SHA-256,PoS,57811001.0,100262205.0,-0.2608588978425828,0.6792119971763819,0.03351582286382234,0,BitcoinWSpectrum
DPoS,PoS,18194936.0,18081806.0,1.0140043442478508,1.7650708123970833,-0.09770139577080356,0,Muse
X16R,PoW,8125865.021,22075700.0,-0.18355182233048425,-1.2071115088494662,0.24700947439825724,1,Motion
HMQ1725,PoW,8645406.168,21000000.0,-0.10571590735388654,-1.9741704374360776,0.5806156559334071,1,PlusOneCoin
X11,PoW,4993030.697,21000000.0,-0.23071300247398746,-0.9308370457133839,0.04610484735835006,1,Axe
X16R,PoW/PoS,36923120.62,82546564.0,-0.35106335313085174,0.9631716892815022,-0.2770796475340159,0,Trivechain
Quark,PoS,7082392.247,21000000.0,-0.33651506364207223,1.5079047182764405,-0.055505748071500854,0,Dystem
Quark,PoW/PoS,5919489.768,5151000.0,-0.38602715462013365,1.7317868631781952,-0.409630793376637,0,Giant
Scrypt,PoS,1042012.452,16880000000.0,-0.16709358813468675,0.7855107266555627,-0.2394952948197624,0,Peony Coin
Lyra2REv2,PoW/PoS,13332617.94,52500000.0,-0.36658858614003026,0.8682750808084988,-0.3460936347236708,0,Absolute Coin
Quark,PoS,66053877.63,100000000.0,-0.33523394590457223,1.507879808644245,-0.055535929285730604,0,Vitae
Scrypt,PoW,1416663.066,22105263.0,-0.16773721264033542,-1.1517421189584633,-0.06815292993140719,1,HexCoin
Scrypt,PoW/PoS,5403802.496,1000000000.0,-0.32904570471054345,1.018033849523585,-0.5923081216764733,0,TPCash
CryptoNight-V7,PoW,15580199.31,1750000000.0,-0.13962079447542985,-2.2290608007787047,0.36285571957758844,1,Webchain
Cryptonight-GPU,PoW,4890897.0,88188888.0,-0.14330310922475725,-2.224475038506662,0.3722614084400438,1,Ryo
XEVAN,PoW,14746153.1,210000000.0,-0.14416707895775285,-0.48477699727309376,0.3125042615596049,1,Urals Coin
CryptoNight Heavy,PoW,99553110529.0,184470000000.0,3.106648072676315,-2.371125403496044,0.36911356257617317,1,Qwertycoin
X11,PoS,19269509.94,55000000.0,-0.34920428601041353,1.015582237041368,-0.12384943685371641,0,ARENON
X11,PoW/PoS,30771125.98,50000000.0,-0.3984846282214326,1.2394623635004223,-0.4779804569665636,0,EUNO
Scrypt,PoS,107763867.9,260000000.0,-0.2836570348676364,0.7945944050049157,-0.23816100967246287,0,MMOCoin
PoS,PoS,9327131.597,210000000.0,-0.36433236474831715,1.5063805498502596,-0.033985850361396154,0,Ketan
SHA-256,PoW,2100000000.0,2100000000.0,-0.10280668360157877,-1.2676832074846112,0.20247737431450508,1,Project Pai
Keccak,PoW/PoS,4672513.844,366000000.0,-0.3758020249103393,1.0358802636734394,-0.5502082302963823,0,XDNA
X11,PoS,4504639.0,100000000.0,-0.3490656314472433,1.0155531962119027,-0.1238472476287206,0,PAXEX
X11,PoW,5015881.373,25000000.0,-0.23068435540455498,-0.9308392170105951,0.0461045067777119,1,Azart
Scrypt,PoW/PoS,1059954080.0,18000000000.0,-0.19559218181428478,1.0090998963606812,-0.5941393269538908,0,ThunderStake
SHA-512,Zero-Knowledge Proof,1000000000.0,1000000000.0,-0.3953587038252456,0.9444060908095678,-0.7362446745328277,0,Kcash
X16R,PoW,9753753.615,100000000.0,-0.18297928915089362,-1.2071534447968288,0.24700236548486523,1,Xchange
ECC 256K1,DPOS,1000000000.0,1000000000.0,-0.3438138702582919,3.1893106891191754,21.0593063605795,3,Acute Angle Cloud
Equihash,PoW,4235111504.0,7600000000.0,-0.03571754003494347,-2.051872256390741,0.3630841542345111,1,CrypticCoin
XEVAN,PoS,6787405.18,50000000.0,-0.26430599687942463,1.461741104604055,0.14257496314607465,0,Bettex coin
Lyra2Z,PoW,13634850.0,84000000.0,-0.1466629559100458,-2.172229819397977,0.43047875403251834,1,Actinium
SHA-256,PoW,17992514.65,21000000.0,-0.1430008309959678,-1.2671904815354116,0.2034840944740246,1,Bitcoin SV
XEVAN,Pos,208515864.4,70000000000.0,0.49821483251417154,1.6349603290496808,0.4275603201431766,0,BitMoney
X11,PoS,17209923728.0,0.0,-0.13945949243698008,1.02089200839624,-0.13073485190355968,0,Junson Ming Chan Coin
CryptoNight,PoW,1867054873.0,8080000000.0,0.3813270464020049,-2.3281673468256203,0.37394004220220617,1,FREDEnergy
Quark,PoW/PoS,35312185.74,54000000.0,-0.3853214306161134,1.7317692885166727,-0.4096466213072592,0,HerbCoin
Blake,PoW,1578281.313,105120001.4,-0.1355131092517319,-2.2259502332993755,0.4171528398180575,1,Universal Molecule
Blake,PoW,15846721.25,25228800.0,-0.1359052782799685,-2.2259023439298935,0.41715374049057985,1,Lithium
Equihash,PoS,13475920.0,105000000.0,-0.2593828922866799,-0.102653828404656,0.19545143253136654,0,PirateCash
Exosis,PoW,406091.925,21000000.0,-0.16423470765458406,-2.285598179394638,0.40574732655583495,1,Exosis
Scrypt,PoW,35284717.17,120000000.0,-0.16662895355038854,-1.1517850283603972,-0.06817461528542633,1,Block-Logic
Scrypt,PoW/PoS,14777549.39,21000000.0,-0.33587412829868385,1.0185698712086155,-0.5922307630816869,0,Oduwa
Equihash,PoW,35687520.0,262800000.0,-0.13908535283595372,-2.0491663546851906,0.3653752007188738,1,Beam
Quark,PoW/PoS,18265011.25,19035999.0,-0.3857777740906719,1.7317830934200824,-0.4096368918804407,0,Galilel
Equihash,PoW,25150787.5,30886000.0,-0.14085887104168998,-2.0490432954048354,0.36539863917418913,1,Bithereum
Quark,PoS,1934701.675,13370000.0,-0.33663209938028865,1.507907292386744,-0.0555030527019899,0,Crypto Sports
Scrypt,PoW/PoS,30825710000.0,74800000000.0,0.5710800170463002,0.9873098674523119,-0.6107755634546306,0,Credit
QuBit,PoW,12925790.42,100000000.0,-0.19032344490493086,-1.5699088135654617,0.1655202844033243,1,SLICE
X11,PoS,715659.4424,19700000.0,-0.34968142965129806,1.0155957621726028,-0.12383907571546714,0,Dash Platinum
Scrypt,PoW/PoS,20546528.21,84000000.0,-0.3353568175194083,1.0185373345854463,-0.5922382951730253,0,Nasdacoin
XEVAN,PoW/PoS,198938144.4,500000000.0,-0.30815129186404056,1.6854289310166337,-0.21166615996167065,0,Beetle Coin
SHA-256D,PoW/PoS,896361168.0,5000000000.0,-0.311223575986661,1.974631584490257,-0.7142002051643837,0,Titan Coin
X11,PoW/PoS,15420234.54,420000000.0,-0.39604825754612055,1.2392561545575265,-0.47800496091513284,0,Award
SHA-256,PoW,52293836.63,64000000.0,-0.14227658574521004,-1.2672033633535313,0.20346678380015054,1,BLAST
X13,PoW,1170292.5,2100000.0,-0.10326633374057248,-0.3083524325261792,-0.015690836321459598,1,Bitcoin Rhodium
SHA-256,PoW,84613100.0,168000000.0,-0.1411439605991069,-1.2672500732375378,0.203445213342827,1,GlobalToken
X11,PoW/PoS,23775960.32,30000000.0,-0.3987119743564803,1.239471106630319,-0.47797599621058395,0,Insane Coin
DPoS,DPoS,1000000000.0,1000000000.0,3.7251213308741837,2.04210760476103,-0.24052452566029153,0,ALAX
Scrypt,PoW/PoS,15318887081.0,35000000000.0,0.09926886805125792,1.0042214466557602,-0.6012628164844579,0,LiteDoge
Scrypt,PoW,55565076.39,98100000000.0,0.5284869290195552,-1.2051366355745263,-0.07630092900474605,1,SolarCoin
X11,PoW/PoS,242574105.2,0.0,-0.3962501911236475,1.2395546441560075,-0.4780612043050592,0,TruckCoin
NeoScrypt,PoW,3824685012.0,4000000000.0,-0.11486452446856561,-1.61952717883357,0.1711676457357274,1,UFO Coin
Scrypt,PoW/PoS,3537150.0,200000000.0,-0.33474207180747534,1.0184689392948874,-0.5922410890980577,0,OrangeCoin
Blake,PoW,23356790.15,7000000000.0,-0.08634883940617492,-2.2296983502366086,0.4165728320682637,1,BlakeCoin
Scrypt,PoW/PoS,20576532.0,54256119.0,-0.3355673924874821,1.0185535416891929,-0.5922358427532726,0,BitstarCoin
SHA-256,PoS,4392258.246,21000000.0,-0.2620739995929214,0.679238755031126,0.033543800277542404,0,NeosCoin
Scrypt,PoW/PoS,9631199.993,0.0,-0.3360859668393427,1.018579726750098,-0.5922269604712014,0,HyperCoin
X11,PoW/PoS,436353624.5,500000000.0,-0.39033550360497293,1.2393418708408823,-0.4781802984296739,0,PinkCoin
Scrypt,PoW,780210700.0,1000000000.0,-0.15128223448162637,-1.1520354662985,-0.06854609266627851,1,Crypto Escudo
Scrypt,PoW/PoS,980732529.0,10500000000.0,-0.24975009590150357,1.0131599061923962,-0.5934861586315378,0,AudioCoin
SHA-256,PoW/PoS,17939725045.0,190000000.0,-0.09102329771065922,0.9085291272235682,-0.32778546432965494,0,IncaKoin
X11,PoW/PoS,494240666.0,1000000000.0,-0.38608193643056116,1.2390873604430632,-0.4782449271820375,0,Piggy Coin
SHA-256,PoW,22986929.09,42000000.0,-0.14279084967545957,-1.2672003837411547,0.20348035275869755,1,Crown Coin
Scrypt,PoW/PoS,60000000.0,15000000.0,-0.33536389043591175,1.0185870279947469,-0.59224839099591,0,Genstake
Scrypt,PoW,29583989323.0,50000000000.0,0.5483138533361475,-1.1698732352588204,-0.084150497843114,1,SmileyCoin
Scrypt,PoW/PoS,404316475.5,400000000.0,-0.32842464437328556,1.0184831161349277,-0.5924182915772279,0,XiaoMiCoin
Groestl,PoW,73298203.89,105000000.0,-0.20077423371882214,-1.267216526808534,0.09791826326716452,1,Groestlcoin
X11,PoW/PoS,201364327.4,208000000.0,-0.3952788076806117,1.2394287148664158,-0.4780619214785085,0,CapriCoin
Scrypt,PoW/PoS,103621876.2,160000000.0,-0.33380233517402064,1.01852146178469,-0.5922778885897404,0, ClubCoin
PoS,PoS,3821245.742,9000000.0,-0.3658251468314613,1.5064883191596639,-0.033966989653128415,0,Radium
Scrypt,PoW,5052555.92,5000000.0,-0.16781407771641352,-1.151731687090795,-0.068152969922626,1,Bata
Scrypt,PoW,69684455.44,182000000.0,-0.16576875847856506,-1.1518082269498136,-0.06819353965948884,1,Pakcoin
X11,Proof of Trust,16901016.66,16504333.0,-0.3828793489948221,0.616332556424744,-0.141989670862107,0,Creditbit 
SHA-256,PoW/PoS,74676064.95,105000000.0,-0.3100046185950231,0.9030884679307777,-0.3206181537360319,0,OKCash
DPoS,DPoS,120012140.0,159918400.0,3.7084067433190593,2.0422948220049433,-0.24010222327030714,0,Lisk
Scrypt,PoS,10000244678.0,10008835635.0,-0.09359535528900596,0.7923237039213746,-0.24293363675109467,0,HiCoin
Scrypt,PoW/PoS,252005564.2,300000000.0,-0.3309956538005384,1.0184907942925543,-0.592348960183461,0,WhiteCoin
NeoScrypt,PoW/PoS,1120385.005,60168145.0,-0.35783639074477885,0.5517513115813395,-0.3510460117645834,0,FriendshipCoin
Multiple,PoW,3332922.5,2800000.0,-0.12447675558371693,-1.8035315238754046,0.3410406581374124,1,JoinCoin
X13,PoW/PoS,140777.7534,120000.0,-0.27158535813803697,1.86195561423518,-0.539762829357435,0,Triangles Coin
Equihash+Scrypt,PoW,100000000.0,2100000000.0,-0.1294369724582688,-2.344159135403466,0.29345781536317905,1,Vollar
DPoS,DPoS,1020544523.0,0.0,3.7182805257688463,2.042658493517447,-0.24044990431895494,0,EOS
Ethash,PoW,24487944.1,24487944.0,-0.13588221041618093,-1.9748127683599495,0.4269268715940048,1,Reality Clash
DPoS,DPoS,1122382283.0,0.0,3.719525368586409,2.0426897712679097,-0.24049072064372487,0,Oxycoin
SHA-256,PoS,1000000000.0,1000000000.0,-0.2429608990055346,0.6790113964610455,0.03306364756367801,0,TigerCash
Leased POS,LPoS,100000000.0,100000000.0,-0.43637850681417373,2.8024444305676957,8.011065294074795,3,Waves
PoS,PoS,9283137.556,8634140.0,-0.3657609764997926,1.5064901959272372,-0.03396914845246255,0,Particl
TRC10,DPoS,989989000000.0,990000000000.0,34.06929789675004,1.5896444097776932,-1.2357433117424483,2,BitTorrent
PoS,PoS/LPoS,1000000000.0,1000000000.0,-0.47134902868278755,1.3921902080563082,-0.2865444950795128,0,Nxt
SHA-256,DPoS,1999999995.0,2000000000.0,2.468506733561346,0.9560439301220213,-0.10976827298731011,0,ZEPHYR
Scrypt,PoW/PoS,14931046.15,250000000.0,-0.3342481984317504,1.0184452097952952,-0.592249798520518,0,Gapcoin
CryptoNight,PoW,980222595.0,1400222610.0,0.3231140399580669,-2.3248020568960124,0.3748489389419482,1,Beldex
Equihash,PoW,7296537.5,21000000.0,-0.14114722843196478,-2.0490433953300684,0.3654066142236845,1,Horizen
Scrypt,PoS,128326.9963,1000000.0,-0.2868095601720758,0.7947023924866711,-0.23809641002752688,0,BitcoinPlus
